country.x,region_code,region_name,sub_region_code,sub_region_name,intermediate_region_code,intermediate_region_name,m49_code,iso_alpha2_code,iso_alpha3_code,is_LDC,is_LLDC,is_SIDS,is_G77,is_EU,is_G20,is_AU,is_P5,is_UN_member,is_OECD,world_bank_income_group,world_bank_lending_category,country.y,UN_regional_group,oecd_fragile_state
Algeria,002,Africa,015,Northern Africa,NA,NA,012,DZ,DZA,FALSE,FALSE,FALSE,TRUE,FALSE,FALSE,TRUE,FALSE,TRUE,FALSE,Upper middle income,IBRD,Algeria,African States,NA
Egypt,002,Africa,015,Northern Africa,NA,NA,818,EG,EGY,FALSE,FALSE,FALSE,TRUE,FALSE,FALSE,TRUE,FALSE,TRUE,FALSE,Lower middle income,IBRD,Egypt,African States,NA
Libya,002,Africa,015,Northern Africa,NA,NA,434,LY,LBY,FALSE,FALSE,FALSE,TRUE,FALSE,FALSE,TRUE,FALSE,TRUE,FALSE,Upper middle income,IBRD,Libya,African States,TRUE
Morocco,002,Africa,015,Northern Africa,NA,NA,504,MA,MAR,FALSE,FALSE,FALSE,TRUE,FALSE,FALSE,TRUE,FALSE,TRUE,FALSE,Lower middle income,IBRD,Morocco,African States,NA
Sudan,002,Africa,015,Northern Africa,NA,NA,729,SD,SDN,TRUE,FALSE,FALSE,TRUE,FALSE,FALSE,TRUE,FALSE,TRUE,FALSE,Low income,IDA,Sudan,African States,TRUE
Tunisia,002,Africa,015,Northern Africa,NA,NA,788,TN,TUN,FALSE,FALSE,FALSE,TRUE,FALSE,FALSE,TRUE,FALSE,TRUE,FALSE,Lower middle income,IBRD,Tunisia,African States,NA
Western Sahara,002,Africa,015,Northern Africa,NA,NA,732,EH,ESH,FALSE,FALSE,FALSE,FALSE,FALSE,FALSE,TRUE,FALSE,FALSE,FALSE,NA,NA,NA,NA,NA
British Indian Ocean Territory,002,Africa,202,Sub-Saharan Africa,014,Eastern Africa,086,IO,IOT,FALSE,FALSE,FALSE,FALSE,FALSE,FALSE,FALSE,FALSE,FALSE,FALSE,NA,NA,NA,NA,NA
Burundi,002,Africa,202,Sub-Saharan Africa,014,Eastern Africa,108,BI,BDI,TRUE,TRUE,FALSE,TRUE,FALSE,FALSE,TRUE,FALSE,TRUE,FALSE,Low income,IDA,Burundi,African States,TRUE
Comoros,002,Africa,202,Sub-Saharan Africa,014,Eastern Africa,174,KM,COM,TRUE,FALSE,TRUE,TRUE,FALSE,FALSE,TRUE,FALSE,TRUE,FALSE,Lower middle income,IDA,Comoros,African States,TRUE
Djibouti,002,Africa,202,Sub-Saharan Africa,014,Eastern Africa,262,DJ,DJI,TRUE,FALSE,FALSE,TRUE,FALSE,FALSE,TRUE,FALSE,TRUE,FALSE,Lower middle income,IDA,Djibouti,African States,TRUE
Eritrea,002,Africa,202,Sub-Saharan Africa,014,Eastern Africa,232,ER,ERI,TRUE,FALSE,FALSE,TRUE,FALSE,FALSE,TRUE,FALSE,TRUE,FALSE,Low income,IDA,Eritrea,African States,TRUE
Ethiopia,002,Africa,202,Sub-Saharan Africa,014,Eastern Africa,231,ET,ETH,TRUE,TRUE,FALSE,TRUE,FALSE,FALSE,TRUE,FALSE,TRUE,FALSE,NA,IDA,Ethiopia,African States,TRUE
French Southern Territories,002,Africa,202,Sub-Saharan Africa,014,Eastern Africa,260,TF,ATF,FALSE,FALSE,FALSE,FALSE,FALSE,FALSE,FALSE,FALSE,FALSE,FALSE,NA,NA,NA,NA,NA
Kenya,002,Africa,202,Sub-Saharan Africa,014,Eastern Africa,404,KE,KEN,FALSE,FALSE,FALSE,TRUE,FALSE,FALSE,TRUE,FALSE,TRUE,FALSE,Lower middle income,Blend,Kenya,African States,TRUE
Madagascar,002,Africa,202,Sub-Saharan Africa,014,Eastern Africa,450,MG,MDG,TRUE,FALSE,FALSE,TRUE,FALSE,FALSE,TRUE,FALSE,TRUE,FALSE,Low income,IDA,Madagascar,African States,TRUE
Malawi,002,Africa,202,Sub-Saharan Africa,014,Eastern Africa,454,MW,MWI,TRUE,TRUE,FALSE,TRUE,FALSE,FALSE,TRUE,FALSE,TRUE,FALSE,Low income,IDA,Malawi,African States,TRUE
Mauritius,002,Africa,202,Sub-Saharan Africa,014,Eastern Africa,480,MU,MUS,FALSE,FALSE,TRUE,TRUE,FALSE,FALSE,TRUE,FALSE,TRUE,FALSE,Upper middle income,IBRD,Mauritius,African States,NA
Mayotte,002,Africa,202,Sub-Saharan Africa,014,Eastern Africa,175,YT,MYT,FALSE,FALSE,FALSE,FALSE,FALSE,FALSE,FALSE,FALSE,FALSE,FALSE,NA,NA,NA,NA,NA
Mozambique,002,Africa,202,Sub-Saharan Africa,014,Eastern Africa,508,MZ,MOZ,TRUE,FALSE,FALSE,TRUE,FALSE,FALSE,TRUE,FALSE,TRUE,FALSE,Low income,IDA,Mozambique,African States,TRUE
Réunion,002,Africa,202,Sub-Saharan Africa,014,Eastern Africa,638,RE,REU,FALSE,FALSE,FALSE,FALSE,FALSE,FALSE,FALSE,FALSE,FALSE,FALSE,NA,NA,NA,NA,NA
Rwanda,002,Africa,202,Sub-Saharan Africa,014,Eastern Africa,646,RW,RWA,TRUE,TRUE,FALSE,TRUE,FALSE,FALSE,TRUE,FALSE,TRUE,FALSE,Low income,IDA,Rwanda,African States,TRUE
Seychelles,002,Africa,202,Sub-Saharan Africa,014,Eastern Africa,690,SC,SYC,FALSE,FALSE,TRUE,TRUE,FALSE,FALSE,TRUE,FALSE,TRUE,FALSE,High income,IBRD,Seychelles,African States,NA
Somalia,002,Africa,202,Sub-Saharan Africa,014,Eastern Africa,706,SO,SOM,TRUE,FALSE,FALSE,TRUE,FALSE,FALSE,TRUE,FALSE,TRUE,FALSE,Low income,IDA,Somalia,African States,TRUE
South Sudan,002,Africa,202,Sub-Saharan Africa,014,Eastern Africa,728,SS,SSD,TRUE,TRUE,FALSE,TRUE,FALSE,FALSE,TRUE,FALSE,TRUE,FALSE,Low income,IDA,South Sudan,African States,TRUE
Uganda,002,Africa,202,Sub-Saharan Africa,014,Eastern Africa,800,UG,UGA,TRUE,TRUE,FALSE,TRUE,FALSE,FALSE,TRUE,FALSE,TRUE,FALSE,Low income,IDA,Uganda,African States,TRUE
United Republic of Tanzania,002,Africa,202,Sub-Saharan Africa,014,Eastern Africa,834,TZ,TZA,TRUE,FALSE,FALSE,TRUE,FALSE,FALSE,TRUE,FALSE,TRUE,FALSE,Lower middle income,IDA,United Republic of Tanzania,African States,TRUE
Zambia,002,Africa,202,Sub-Saharan Africa,014,Eastern Africa,894,ZM,ZMB,TRUE,TRUE,FALSE,TRUE,FALSE,FALSE,TRUE,FALSE,TRUE,FALSE,Lower middle income,IDA,Zambia,African States,TRUE
Zimbabwe,002,Africa,202,Sub-Saharan Africa,014,Eastern Africa,716,ZW,ZWE,FALSE,TRUE,FALSE,TRUE,FALSE,FALSE,TRUE,FALSE,TRUE,FALSE,Lower middle income,Blend,Zimbabwe,African States,TRUE
Angola,002,Africa,202,Sub-Saharan Africa,017,Middle Africa,024,AO,AGO,TRUE,FALSE,FALSE,TRUE,FALSE,FALSE,TRUE,FALSE,TRUE,FALSE,Lower middle income,IBRD,Angola,African States,TRUE
Cameroon,002,Africa,202,Sub-Saharan Africa,017,Middle Africa,120,CM,CMR,FALSE,FALSE,FALSE,TRUE,FALSE,FALSE,TRUE,FALSE,TRUE,FALSE,Lower middle income,Blend,Cameroon,African States,TRUE
Central African Republic,002,Africa,202,Sub-Saharan Africa,017,Middle Africa,140,CF,CAF,TRUE,TRUE,FALSE,TRUE,FALSE,FALSE,TRUE,FALSE,TRUE,FALSE,Low income,IDA,Central African Republic,African States,TRUE
Chad,002,Africa,202,Sub-Saharan Africa,017,Middle Africa,148,TD,TCD,TRUE,TRUE,FALSE,TRUE,FALSE,FALSE,TRUE,FALSE,TRUE,FALSE,Low income,IDA,Chad,African States,TRUE
Congo,002,Africa,202,Sub-Saharan Africa,017,Middle Africa,178,CG,COG,FALSE,FALSE,FALSE,TRUE,FALSE,FALSE,TRUE,FALSE,TRUE,FALSE,Lower middle income,Blend,Congo,African States,TRUE
Democratic Republic of the Congo,002,Africa,202,Sub-Saharan Africa,017,Middle Africa,180,CD,COD,TRUE,FALSE,FALSE,TRUE,FALSE,FALSE,TRUE,FALSE,TRUE,FALSE,Low income,IDA,Democratic Republic of the Congo,African States,TRUE
Equatorial Guinea,002,Africa,202,Sub-Saharan Africa,017,Middle Africa,226,GQ,GNQ,FALSE,FALSE,FALSE,TRUE,FALSE,FALSE,TRUE,FALSE,TRUE,FALSE,Upper middle income,IBRD,Equatorial Guinea,African States,TRUE
Gabon,002,Africa,202,Sub-Saharan Africa,017,Middle Africa,266,GA,GAB,FALSE,FALSE,FALSE,TRUE,FALSE,FALSE,TRUE,FALSE,TRUE,FALSE,Upper middle income,IBRD,Gabon,African States,TRUE
Sao Tome and Principe,002,Africa,202,Sub-Saharan Africa,017,Middle Africa,678,ST,STP,TRUE,FALSE,TRUE,TRUE,FALSE,FALSE,TRUE,FALSE,TRUE,FALSE,Lower middle income,IDA,Sao Tome and Principe,African States,NA
Botswana,002,Africa,202,Sub-Saharan Africa,018,Southern Africa,072,BW,BWA,FALSE,TRUE,FALSE,TRUE,FALSE,FALSE,TRUE,FALSE,TRUE,FALSE,Upper middle income,IBRD,Botswana,African States,NA
Eswatini,002,Africa,202,Sub-Saharan Africa,018,Southern Africa,748,SZ,SWZ,FALSE,TRUE,FALSE,TRUE,FALSE,FALSE,TRUE,FALSE,TRUE,FALSE,Lower middle income,Blend,Eswatini,African States,TRUE
Lesotho,002,Africa,202,Sub-Saharan Africa,018,Southern Africa,426,LS,LSO,TRUE,TRUE,FALSE,TRUE,FALSE,FALSE,TRUE,FALSE,TRUE,FALSE,Lower middle income,IDA,Lesotho,African States,NA
Namibia,002,Africa,202,Sub-Saharan Africa,018,Southern Africa,516,NA,NAM,FALSE,FALSE,FALSE,TRUE,FALSE,FALSE,TRUE,FALSE,TRUE,FALSE,Lower middle income,IBRD,Namibia,African States,NA
South Africa,002,Africa,202,Sub-Saharan Africa,018,Southern Africa,710,ZA,ZAF,FALSE,FALSE,FALSE,TRUE,FALSE,TRUE,TRUE,FALSE,TRUE,FALSE,Upper middle income,IBRD,South Africa,African States,NA
Benin,002,Africa,202,Sub-Saharan Africa,011,Western Africa,204,BJ,BEN,TRUE,FALSE,FALSE,TRUE,FALSE,FALSE,TRUE,FALSE,TRUE,FALSE,Lower middle income,IDA,Benin,African States,NA
Burkina Faso,002,Africa,202,Sub-Saharan Africa,011,Western Africa,854,BF,BFA,TRUE,TRUE,FALSE,TRUE,FALSE,FALSE,TRUE,FALSE,TRUE,FALSE,Low income,IDA,Burkina Faso,African States,TRUE
Cabo Verde,002,Africa,202,Sub-Saharan Africa,011,Western Africa,132,CV,CPV,FALSE,FALSE,TRUE,TRUE,FALSE,FALSE,TRUE,FALSE,TRUE,FALSE,Upper middle income,Blend,Cabo Verde,African States,NA
Côte d’Ivoire,002,Africa,202,Sub-Saharan Africa,011,Western Africa,384,CI,CIV,FALSE,FALSE,FALSE,TRUE,FALSE,FALSE,TRUE,FALSE,TRUE,FALSE,Lower middle income,Blend,Côte d'Ivoire,African States,TRUE
Gambia,002,Africa,202,Sub-Saharan Africa,011,Western Africa,270,GM,GMB,TRUE,FALSE,FALSE,TRUE,FALSE,FALSE,TRUE,FALSE,TRUE,FALSE,Low income,IDA,Gambia,African States,TRUE
Ghana,002,Africa,202,Sub-Saharan Africa,011,Western Africa,288,GH,GHA,FALSE,FALSE,FALSE,TRUE,FALSE,FALSE,TRUE,FALSE,TRUE,FALSE,Lower middle income,IDA,Ghana,African States,NA
Guinea,002,Africa,202,Sub-Saharan Africa,011,Western Africa,324,GN,GIN,TRUE,FALSE,FALSE,TRUE,FALSE,FALSE,TRUE,FALSE,TRUE,FALSE,Lower middle income,IDA,Guinea,African States,TRUE
Guinea-Bissau,002,Africa,202,Sub-Saharan Africa,011,Western Africa,624,GW,GNB,TRUE,FALSE,TRUE,TRUE,FALSE,FALSE,TRUE,FALSE,TRUE,FALSE,Low income,IDA,Guinea-Bissau,African States,TRUE
Liberia,002,Africa,202,Sub-Saharan Africa,011,Western Africa,430,LR,LBR,TRUE,FALSE,FALSE,TRUE,FALSE,FALSE,TRUE,FALSE,TRUE,FALSE,Low income,IDA,Liberia,African States,TRUE
Mali,002,Africa,202,Sub-Saharan Africa,011,Western Africa,466,ML,MLI,TRUE,TRUE,FALSE,TRUE,FALSE,FALSE,TRUE,FALSE,TRUE,FALSE,Low income,IDA,Mali,African States,TRUE
Mauritania,002,Africa,202,Sub-Saharan Africa,011,Western Africa,478,MR,MRT,TRUE,FALSE,FALSE,TRUE,FALSE,FALSE,TRUE,FALSE,TRUE,FALSE,Lower middle income,IDA,Mauritania,African States,TRUE
Niger,002,Africa,202,Sub-Saharan Africa,011,Western Africa,562,NE,NER,TRUE,TRUE,FALSE,TRUE,FALSE,FALSE,TRUE,FALSE,TRUE,FALSE,Low income,IDA,Niger,African States,TRUE
Nigeria,002,Africa,202,Sub-Saharan Africa,011,Western Africa,566,NG,NGA,FALSE,FALSE,FALSE,TRUE,FALSE,FALSE,TRUE,FALSE,TRUE,FALSE,Lower middle income,Blend,Nigeria,African States,TRUE
Saint Helena,002,Africa,202,Sub-Saharan Africa,011,Western Africa,654,SH,SHN,FALSE,FALSE,FALSE,FALSE,FALSE,FALSE,FALSE,FALSE,FALSE,FALSE,NA,NA,NA,NA,NA
Senegal,002,Africa,202,Sub-Saharan Africa,011,Western Africa,686,SN,SEN,TRUE,FALSE,FALSE,TRUE,FALSE,FALSE,TRUE,FALSE,TRUE,FALSE,Lower middle income,IDA,Senegal,African States,NA
Sierra Leone,002,Africa,202,Sub-Saharan Africa,011,Western Africa,694,SL,SLE,TRUE,FALSE,FALSE,TRUE,FALSE,FALSE,TRUE,FALSE,TRUE,FALSE,Low income,IDA,Sierra Leone,African States,TRUE
Togo,002,Africa,202,Sub-Saharan Africa,011,Western Africa,768,TG,TGO,TRUE,FALSE,FALSE,TRUE,FALSE,FALSE,TRUE,FALSE,TRUE,FALSE,Low income,IDA,Togo,African States,TRUE
Anguilla,019,Americas,419,Latin America and the Caribbean,029,Caribbean,660,AI,AIA,FALSE,FALSE,TRUE,FALSE,FALSE,FALSE,FALSE,FALSE,FALSE,FALSE,NA,NA,NA,NA,NA
Antigua and Barbuda,019,Americas,419,Latin America and the Caribbean,029,Caribbean,028,AG,ATG,FALSE,FALSE,TRUE,TRUE,FALSE,FALSE,FALSE,FALSE,TRUE,FALSE,High income,IBRD,Antigua and Barbuda,Latin American and Caribbean States,NA
Aruba,019,Americas,419,Latin America and the Caribbean,029,Caribbean,533,AW,ABW,FALSE,FALSE,TRUE,FALSE,FALSE,FALSE,FALSE,FALSE,FALSE,FALSE,High income,NA,NA,NA,NA
Bahamas,019,Americas,419,Latin America and the Caribbean,029,Caribbean,044,BS,BHS,FALSE,FALSE,TRUE,TRUE,FALSE,FALSE,FALSE,FALSE,TRUE,FALSE,High income,NA,Bahamas,Latin American and Caribbean States,NA
Barbados,019,Americas,419,Latin America and the Caribbean,029,Caribbean,052,BB,BRB,FALSE,FALSE,TRUE,TRUE,FALSE,FALSE,FALSE,FALSE,TRUE,FALSE,High income,IBRD,Barbados,Latin American and Caribbean States,NA
"Bonaire, Sint Eustatius and Saba",019,Americas,419,Latin America and the Caribbean,029,Caribbean,535,BQ,BES,FALSE,FALSE,TRUE,FALSE,FALSE,FALSE,FALSE,FALSE,FALSE,FALSE,NA,NA,NA,NA,NA
British Virgin Islands,019,Americas,419,Latin America and the Caribbean,029,Caribbean,092,VG,VGB,FALSE,FALSE,TRUE,FALSE,FALSE,FALSE,FALSE,FALSE,FALSE,FALSE,High income,NA,NA,NA,NA
Cayman Islands,019,Americas,419,Latin America and the Caribbean,029,Caribbean,136,KY,CYM,FALSE,FALSE,FALSE,FALSE,FALSE,FALSE,FALSE,FALSE,FALSE,FALSE,High income,NA,NA,NA,NA
Cuba,019,Americas,419,Latin America and the Caribbean,029,Caribbean,192,CU,CUB,FALSE,FALSE,TRUE,TRUE,FALSE,FALSE,FALSE,FALSE,TRUE,FALSE,Upper middle income,NA,Cuba,Latin American and Caribbean States,NA
Curaçao,019,Americas,419,Latin America and the Caribbean,029,Caribbean,531,CW,CUW,FALSE,FALSE,TRUE,FALSE,FALSE,FALSE,FALSE,FALSE,FALSE,FALSE,High income,NA,NA,NA,NA
Dominica,019,Americas,419,Latin America and the Caribbean,029,Caribbean,212,DM,DMA,FALSE,FALSE,TRUE,TRUE,FALSE,FALSE,FALSE,FALSE,TRUE,FALSE,Upper middle income,Blend,Dominica,Latin American and Caribbean States,NA
Dominican Republic,019,Americas,419,Latin America and the Caribbean,029,Caribbean,214,DO,DOM,FALSE,FALSE,TRUE,TRUE,FALSE,FALSE,FALSE,FALSE,TRUE,FALSE,Upper middle income,IBRD,Dominican Republic,Latin American and Caribbean States,NA
Grenada,019,Americas,419,Latin America and the Caribbean,029,Caribbean,308,GD,GRD,FALSE,FALSE,TRUE,TRUE,FALSE,FALSE,FALSE,FALSE,TRUE,FALSE,Upper middle income,Blend,Grenada,Latin American and Caribbean States,NA
Guadeloupe,019,Americas,419,Latin America and the Caribbean,029,Caribbean,312,GP,GLP,FALSE,FALSE,FALSE,FALSE,FALSE,FALSE,FALSE,FALSE,FALSE,FALSE,NA,NA,NA,NA,NA
Haiti,019,Americas,419,Latin America and the Caribbean,029,Caribbean,332,HT,HTI,TRUE,FALSE,TRUE,TRUE,FALSE,FALSE,FALSE,FALSE,TRUE,FALSE,Lower middle income,IDA,Haiti,Latin American and Caribbean States,TRUE
Jamaica,019,Americas,419,Latin America and the Caribbean,029,Caribbean,388,JM,JAM,FALSE,FALSE,TRUE,TRUE,FALSE,FALSE,FALSE,FALSE,TRUE,FALSE,Upper middle income,IBRD,Jamaica,Latin American and Caribbean States,NA
Martinique,019,Americas,419,Latin America and the Caribbean,029,Caribbean,474,MQ,MTQ,FALSE,FALSE,FALSE,FALSE,FALSE,FALSE,FALSE,FALSE,FALSE,FALSE,NA,NA,NA,NA,NA
Montserrat,019,Americas,419,Latin America and the Caribbean,029,Caribbean,500,MS,MSR,FALSE,FALSE,TRUE,FALSE,FALSE,FALSE,FALSE,FALSE,FALSE,FALSE,NA,NA,NA,NA,NA
Puerto Rico,019,Americas,419,Latin America and the Caribbean,029,Caribbean,630,PR,PRI,FALSE,FALSE,TRUE,FALSE,FALSE,FALSE,FALSE,FALSE,FALSE,FALSE,High income,NA,NA,NA,NA
Saint Barthélemy,019,Americas,419,Latin America and the Caribbean,029,Caribbean,652,BL,BLM,FALSE,FALSE,FALSE,FALSE,FALSE,FALSE,FALSE,FALSE,FALSE,FALSE,NA,NA,NA,NA,NA
Saint Kitts and Nevis,019,Americas,419,Latin America and the Caribbean,029,Caribbean,659,KN,KNA,FALSE,FALSE,TRUE,TRUE,FALSE,FALSE,FALSE,FALSE,TRUE,FALSE,High income,IBRD,Saint Kitts and Nevis,Latin American and Caribbean States,NA
Saint Lucia,019,Americas,419,Latin America and the Caribbean,029,Caribbean,662,LC,LCA,FALSE,FALSE,TRUE,TRUE,FALSE,FALSE,FALSE,FALSE,TRUE,FALSE,Upper middle income,Blend,Saint Lucia,Latin American and Caribbean States,NA
Saint Martin (French Part),019,Americas,419,Latin America and the Caribbean,029,Caribbean,663,MF,MAF,FALSE,FALSE,FALSE,FALSE,FALSE,FALSE,FALSE,FALSE,FALSE,FALSE,High income,NA,NA,NA,NA
Saint Vincent and the Grenadines,019,Americas,419,Latin America and the Caribbean,029,Caribbean,670,VC,VCT,FALSE,FALSE,TRUE,TRUE,FALSE,FALSE,FALSE,FALSE,TRUE,FALSE,Upper middle income,Blend,Saint Vincent and the Grenadines,Latin American and Caribbean States,NA
Sint Maarten (Dutch part),019,Americas,419,Latin America and the Caribbean,029,Caribbean,534,SX,SXM,FALSE,FALSE,TRUE,FALSE,FALSE,FALSE,FALSE,FALSE,FALSE,FALSE,High income,NA,NA,NA,NA
Trinidad and Tobago,019,Americas,419,Latin America and the Caribbean,029,Caribbean,780,TT,TTO,FALSE,FALSE,TRUE,TRUE,FALSE,FALSE,FALSE,FALSE,TRUE,FALSE,High income,IBRD,Trinidad and Tobago,Latin American and Caribbean States,NA
Turks and Caicos Islands,019,Americas,419,Latin America and the Caribbean,029,Caribbean,796,TC,TCA,FALSE,FALSE,FALSE,FALSE,FALSE,FALSE,FALSE,FALSE,FALSE,FALSE,High income,NA,NA,NA,NA
United States Virgin Islands,019,Americas,419,Latin America and the Caribbean,029,Caribbean,850,VI,VIR,FALSE,FALSE,TRUE,FALSE,FALSE,FALSE,FALSE,FALSE,FALSE,FALSE,High income,NA,NA,NA,NA
Belize,019,Americas,419,Latin America and the Caribbean,013,Central America,084,BZ,BLZ,FALSE,FALSE,TRUE,TRUE,FALSE,FALSE,FALSE,FALSE,TRUE,FALSE,Upper middle income,Blend,Belize,Latin American and Caribbean States,NA
Costa Rica,019,Americas,419,Latin America and the Caribbean,013,Central America,188,CR,CRI,FALSE,FALSE,FALSE,TRUE,FALSE,FALSE,FALSE,FALSE,TRUE,TRUE,High income,IBRD,Costa Rica,Latin American and Caribbean States,NA
El Salvador,019,Americas,419,Latin America and the Caribbean,013,Central America,222,SV,SLV,FALSE,FALSE,FALSE,TRUE,FALSE,FALSE,FALSE,FALSE,TRUE,FALSE,Upper middle income,IBRD,El Salvador,Latin American and Caribbean States,NA
Guatemala,019,Americas,419,Latin America and the Caribbean,013,Central America,320,GT,GTM,FALSE,FALSE,FALSE,TRUE,FALSE,FALSE,FALSE,FALSE,TRUE,FALSE,Upper middle income,IBRD,Guatemala,Latin American and Caribbean States,TRUE
Honduras,019,Americas,419,Latin America and the Caribbean,013,Central America,340,HN,HND,FALSE,FALSE,FALSE,TRUE,FALSE,FALSE,FALSE,FALSE,TRUE,FALSE,Lower middle income,IDA,Honduras,Latin American and Caribbean States,NA
Mexico,019,Americas,419,Latin America and the Caribbean,013,Central America,484,MX,MEX,FALSE,FALSE,FALSE,FALSE,FALSE,TRUE,FALSE,FALSE,TRUE,TRUE,Upper middle income,IBRD,Mexico,Latin American and Caribbean States,NA
Nicaragua,019,Americas,419,Latin America and the Caribbean,013,Central America,558,NI,NIC,FALSE,FALSE,FALSE,TRUE,FALSE,FALSE,FALSE,FALSE,TRUE,FALSE,Lower middle income,IDA,Nicaragua,Latin American and Caribbean States,TRUE
Panama,019,Americas,419,Latin America and the Caribbean,013,Central America,591,PA,PAN,FALSE,FALSE,FALSE,TRUE,FALSE,FALSE,FALSE,FALSE,TRUE,FALSE,High income,IBRD,Panama,Latin American and Caribbean States,NA
Argentina,019,Americas,419,Latin America and the Caribbean,005,South America,032,AR,ARG,FALSE,FALSE,FALSE,TRUE,FALSE,TRUE,FALSE,FALSE,TRUE,FALSE,Upper middle income,IBRD,Argentina,Latin American and Caribbean States,NA
Bolivia (Plurinational State of),019,Americas,419,Latin America and the Caribbean,005,South America,068,BO,BOL,FALSE,TRUE,FALSE,TRUE,FALSE,FALSE,FALSE,FALSE,TRUE,FALSE,Lower middle income,IBRD,Bolivia (Plurinational State of),Latin American and Caribbean States,NA
Bouvet Island,019,Americas,419,Latin America and the Caribbean,005,South America,074,BV,BVT,FALSE,FALSE,FALSE,FALSE,FALSE,FALSE,FALSE,FALSE,FALSE,FALSE,NA,NA,NA,NA,NA
Brazil,019,Americas,419,Latin America and the Caribbean,005,South America,076,BR,BRA,FALSE,FALSE,FALSE,TRUE,FALSE,TRUE,FALSE,FALSE,TRUE,FALSE,Upper middle income,IBRD,Brazil,Latin American and Caribbean States,NA
Chile,019,Americas,419,Latin America and the Caribbean,005,South America,152,CL,CHL,FALSE,FALSE,FALSE,TRUE,FALSE,FALSE,FALSE,FALSE,TRUE,TRUE,High income,IBRD,Chile,Latin American and Caribbean States,NA
Colombia,019,Americas,419,Latin America and the Caribbean,005,South America,170,CO,COL,FALSE,FALSE,FALSE,TRUE,FALSE,FALSE,FALSE,FALSE,TRUE,TRUE,Upper middle income,IBRD,Colombia,Latin American and Caribbean States,NA
Ecuador,019,Americas,419,Latin America and the Caribbean,005,South America,218,EC,ECU,FALSE,FALSE,FALSE,TRUE,FALSE,FALSE,FALSE,FALSE,TRUE,FALSE,Upper middle income,IBRD,Ecuador,Latin American and Caribbean States,NA
Falkland Islands (Malvinas),019,Americas,419,Latin America and the Caribbean,005,South America,238,FK,FLK,FALSE,FALSE,FALSE,FALSE,FALSE,FALSE,FALSE,FALSE,FALSE,FALSE,NA,NA,NA,NA,NA
French Guiana,019,Americas,419,Latin America and the Caribbean,005,South America,254,GF,GUF,FALSE,FALSE,FALSE,FALSE,FALSE,FALSE,FALSE,FALSE,FALSE,FALSE,NA,NA,NA,NA,NA
Guyana,019,Americas,419,Latin America and the Caribbean,005,South America,328,GY,GUY,FALSE,FALSE,TRUE,TRUE,FALSE,FALSE,FALSE,FALSE,TRUE,FALSE,High income,IDA,Guyana,Latin American and Caribbean States,NA
Paraguay,019,Americas,419,Latin America and the Caribbean,005,South America,600,PY,PRY,FALSE,TRUE,FALSE,TRUE,FALSE,FALSE,FALSE,FALSE,TRUE,FALSE,Upper middle income,IBRD,Paraguay,Latin American and Caribbean States,NA
Peru,019,Americas,419,Latin America and the Caribbean,005,South America,604,PE,PER,FALSE,FALSE,FALSE,TRUE,FALSE,FALSE,FALSE,FALSE,TRUE,FALSE,Upper middle income,IBRD,Peru,Latin American and Caribbean States,NA
South Georgia and the South Sandwich Islands,019,Americas,419,Latin America and the Caribbean,005,South America,239,GS,SGS,FALSE,FALSE,FALSE,FALSE,FALSE,FALSE,FALSE,FALSE,FALSE,FALSE,NA,NA,NA,NA,NA
Suriname,019,Americas,419,Latin America and the Caribbean,005,South America,740,SR,SUR,FALSE,FALSE,TRUE,TRUE,FALSE,FALSE,FALSE,FALSE,TRUE,FALSE,Upper middle income,Blend,Suriname,Latin American and Caribbean States,NA
Uruguay,019,Americas,419,Latin America and the Caribbean,005,South America,858,UY,URY,FALSE,FALSE,FALSE,TRUE,FALSE,FALSE,FALSE,FALSE,TRUE,FALSE,High income,IBRD,Uruguay,Latin American and Caribbean States,NA
Venezuela (Bolivarian Republic of),019,Americas,419,Latin America and the Caribbean,005,South America,862,VE,VEN,FALSE,FALSE,FALSE,TRUE,FALSE,FALSE,FALSE,FALSE,TRUE,FALSE,NA,IBRD,Venezuela (Bolivarian Republic of),Latin American and Caribbean States,TRUE
Bermuda,019,Americas,021,Northern America,NA,NA,060,BM,BMU,FALSE,FALSE,FALSE,FALSE,FALSE,FALSE,FALSE,FALSE,FALSE,FALSE,High income,NA,NA,NA,NA
Canada,019,Americas,021,Northern America,NA,NA,124,CA,CAN,FALSE,FALSE,FALSE,FALSE,FALSE,TRUE,FALSE,FALSE,TRUE,TRUE,High income,NA,Canada,Western European and other States,NA
Greenland,019,Americas,021,Northern America,NA,NA,304,GL,GRL,FALSE,FALSE,FALSE,FALSE,FALSE,FALSE,FALSE,FALSE,FALSE,FALSE,High income,NA,NA,NA,NA
Saint Pierre and Miquelon,019,Americas,021,Northern America,NA,NA,666,PM,SPM,FALSE,FALSE,FALSE,FALSE,FALSE,FALSE,FALSE,FALSE,FALSE,FALSE,NA,NA,NA,NA,NA
United States of America,019,Americas,021,Northern America,NA,NA,840,US,USA,FALSE,FALSE,FALSE,FALSE,FALSE,TRUE,FALSE,TRUE,TRUE,TRUE,High income,NA,United States of America,Western European and other States,NA
Antarctica,NA,NA,NA,NA,NA,NA,010,AQ,ATA,FALSE,FALSE,FALSE,FALSE,FALSE,FALSE,FALSE,FALSE,FALSE,FALSE,NA,NA,NA,NA,NA
Kazakhstan,142,Asia,143,Central Asia,NA,NA,398,KZ,KAZ,FALSE,TRUE,FALSE,FALSE,FALSE,FALSE,FALSE,FALSE,TRUE,FALSE,Upper middle income,IBRD,Kazakhstan,Asia-Pacific States,NA
Kyrgyzstan,142,Asia,143,Central Asia,NA,NA,417,KG,KGZ,FALSE,TRUE,FALSE,FALSE,FALSE,FALSE,FALSE,FALSE,TRUE,FALSE,Lower middle income,IDA,Kyrgyzstan,Asia-Pacific States,NA
Tajikistan,142,Asia,143,Central Asia,NA,NA,762,TJ,TJK,FALSE,TRUE,FALSE,TRUE,FALSE,FALSE,FALSE,FALSE,TRUE,FALSE,Lower middle income,IDA,Tajikistan,Asia-Pacific States,TRUE
Turkmenistan,142,Asia,143,Central Asia,NA,NA,795,TM,TKM,FALSE,TRUE,FALSE,TRUE,FALSE,FALSE,FALSE,FALSE,TRUE,FALSE,Upper middle income,IBRD,Turkmenistan,Asia-Pacific States,TRUE
Uzbekistan,142,Asia,143,Central Asia,NA,NA,860,UZ,UZB,FALSE,TRUE,FALSE,FALSE,FALSE,FALSE,FALSE,FALSE,TRUE,FALSE,Lower middle income,Blend,Uzbekistan,Asia-Pacific States,NA
China,142,Asia,030,Eastern Asia,NA,NA,156,CN,CHN,FALSE,FALSE,FALSE,TRUE,FALSE,TRUE,FALSE,TRUE,TRUE,FALSE,Upper middle income,IBRD,China,Asia-Pacific States,NA
"China, Hong Kong Special Administrative Region",142,Asia,030,Eastern Asia,NA,NA,344,HK,HKG,FALSE,FALSE,FALSE,FALSE,FALSE,FALSE,FALSE,FALSE,FALSE,FALSE,High income,NA,NA,NA,NA
"China, Macao Special Administrative Region",142,Asia,030,Eastern Asia,NA,NA,446,MO,MAC,FALSE,FALSE,FALSE,FALSE,FALSE,FALSE,FALSE,FALSE,FALSE,FALSE,High income,NA,NA,NA,NA
Democratic People's Republic of Korea,142,Asia,030,Eastern Asia,NA,NA,408,KP,PRK,FALSE,FALSE,FALSE,TRUE,FALSE,FALSE,FALSE,FALSE,TRUE,FALSE,Low income,NA,Democratic People's Republic of Korea,Asia-Pacific States,TRUE
Japan,142,Asia,030,Eastern Asia,NA,NA,392,JP,JPN,FALSE,FALSE,FALSE,FALSE,FALSE,TRUE,FALSE,FALSE,TRUE,TRUE,High income,NA,Japan,Asia-Pacific States,NA
Mongolia,142,Asia,030,Eastern Asia,NA,NA,496,MN,MNG,FALSE,TRUE,FALSE,TRUE,FALSE,FALSE,FALSE,FALSE,TRUE,FALSE,Upper middle income,IBRD,Mongolia,Asia-Pacific States,NA
Republic of Korea,142,Asia,030,Eastern Asia,NA,NA,410,KR,KOR,FALSE,FALSE,FALSE,FALSE,FALSE,TRUE,FALSE,FALSE,TRUE,TRUE,High income,NA,Republic of Korea,Asia-Pacific States,NA
Brunei Darussalam,142,Asia,035,South-eastern Asia,NA,NA,096,BN,BRN,FALSE,FALSE,FALSE,TRUE,FALSE,FALSE,FALSE,FALSE,TRUE,FALSE,High income,NA,Brunei Darussalam,Asia-Pacific States,NA
Cambodia,142,Asia,035,South-eastern Asia,NA,NA,116,KH,KHM,TRUE,FALSE,FALSE,TRUE,FALSE,FALSE,FALSE,FALSE,TRUE,FALSE,Lower middle income,IDA,Cambodia,Asia-Pacific States,TRUE
Indonesia,142,Asia,035,South-eastern Asia,NA,NA,360,ID,IDN,FALSE,FALSE,FALSE,TRUE,FALSE,TRUE,FALSE,FALSE,TRUE,FALSE,Upper middle income,IBRD,Indonesia,Asia-Pacific States,NA
Lao People's Democratic Republic,142,Asia,035,South-eastern Asia,NA,NA,418,LA,LAO,TRUE,TRUE,FALSE,TRUE,FALSE,FALSE,FALSE,FALSE,TRUE,FALSE,Lower middle income,IDA,Lao People's Democratic Republic,Asia-Pacific States,TRUE
Malaysia,142,Asia,035,South-eastern Asia,NA,NA,458,MY,MYS,FALSE,FALSE,FALSE,TRUE,FALSE,FALSE,FALSE,FALSE,TRUE,FALSE,Upper middle income,IBRD,Malaysia,Asia-Pacific States,NA
Myanmar,142,Asia,035,South-eastern Asia,NA,NA,104,MM,MMR,TRUE,FALSE,FALSE,TRUE,FALSE,FALSE,FALSE,FALSE,TRUE,FALSE,Lower middle income,IDA,Myanmar,Asia-Pacific States,TRUE
Philippines,142,Asia,035,South-eastern Asia,NA,NA,608,PH,PHL,FALSE,FALSE,FALSE,TRUE,FALSE,FALSE,FALSE,FALSE,TRUE,FALSE,Lower middle income,IBRD,Philippines,Asia-Pacific States,NA
Singapore,142,Asia,035,South-eastern Asia,NA,NA,702,SG,SGP,FALSE,FALSE,TRUE,TRUE,FALSE,FALSE,FALSE,FALSE,TRUE,FALSE,High income,NA,Singapore,Asia-Pacific States,NA
Thailand,142,Asia,035,South-eastern Asia,NA,NA,764,TH,THA,FALSE,FALSE,FALSE,TRUE,FALSE,FALSE,FALSE,FALSE,TRUE,FALSE,Upper middle income,IBRD,Thailand,Asia-Pacific States,NA
Timor-Leste,142,Asia,035,South-eastern Asia,NA,NA,626,TL,TLS,TRUE,FALSE,TRUE,TRUE,FALSE,FALSE,FALSE,FALSE,TRUE,FALSE,Lower middle income,Blend,Timor-Leste,Asia-Pacific States,TRUE
Viet Nam,142,Asia,035,South-eastern Asia,NA,NA,704,VN,VNM,FALSE,FALSE,FALSE,TRUE,FALSE,FALSE,FALSE,FALSE,TRUE,FALSE,Lower middle income,IBRD,Viet Nam,Asia-Pacific States,NA
Afghanistan,142,Asia,034,Southern Asia,NA,NA,004,AF,AFG,TRUE,TRUE,FALSE,TRUE,FALSE,FALSE,FALSE,FALSE,TRUE,FALSE,Low income,IDA,Afghanistan,Asia-Pacific States,TRUE
Bangladesh,142,Asia,034,Southern Asia,NA,NA,050,BD,BGD,TRUE,FALSE,FALSE,TRUE,FALSE,FALSE,FALSE,FALSE,TRUE,FALSE,Lower middle income,IDA,Bangladesh,Asia-Pacific States,TRUE
Bhutan,142,Asia,034,Southern Asia,NA,NA,064,BT,BTN,FALSE,TRUE,FALSE,TRUE,FALSE,FALSE,FALSE,FALSE,TRUE,FALSE,Lower middle income,IDA,Bhutan,Asia-Pacific States,NA
India,142,Asia,034,Southern Asia,NA,NA,356,IN,IND,FALSE,FALSE,FALSE,TRUE,FALSE,TRUE,FALSE,FALSE,TRUE,FALSE,Lower middle income,IBRD,India,Asia-Pacific States,NA
Iran (Islamic Republic of),142,Asia,034,Southern Asia,NA,NA,364,IR,IRN,FALSE,FALSE,FALSE,TRUE,FALSE,FALSE,FALSE,FALSE,TRUE,FALSE,Upper middle income,IBRD,Iran (Islamic Republic of),Asia-Pacific States,TRUE
Maldives,142,Asia,034,Southern Asia,NA,NA,462,MV,MDV,FALSE,FALSE,TRUE,TRUE,FALSE,FALSE,FALSE,FALSE,TRUE,FALSE,Upper middle income,IDA,Maldives,Asia-Pacific States,NA
Nepal,142,Asia,034,Southern Asia,NA,NA,524,NP,NPL,TRUE,TRUE,FALSE,TRUE,FALSE,FALSE,FALSE,FALSE,TRUE,FALSE,Lower middle income,IDA,Nepal,Asia-Pacific States,NA
Pakistan,142,Asia,034,Southern Asia,NA,NA,586,PK,PAK,FALSE,FALSE,FALSE,TRUE,FALSE,FALSE,FALSE,FALSE,TRUE,FALSE,Lower middle income,Blend,Pakistan,Asia-Pacific States,TRUE
Sri Lanka,142,Asia,034,Southern Asia,NA,NA,144,LK,LKA,FALSE,FALSE,FALSE,TRUE,FALSE,FALSE,FALSE,FALSE,TRUE,FALSE,Lower middle income,IDA,Sri Lanka,Asia-Pacific States,NA
Armenia,142,Asia,145,Western Asia,NA,NA,051,AM,ARM,FALSE,TRUE,FALSE,FALSE,FALSE,FALSE,FALSE,FALSE,TRUE,FALSE,Upper middle income,IBRD,Armenia,Eastern European States,NA
Azerbaijan,142,Asia,145,Western Asia,NA,NA,031,AZ,AZE,FALSE,TRUE,FALSE,TRUE,FALSE,FALSE,FALSE,FALSE,TRUE,FALSE,Upper middle income,IBRD,Azerbaijan,Eastern European States,NA
Bahrain,142,Asia,145,Western Asia,NA,NA,048,BH,BHR,FALSE,FALSE,FALSE,TRUE,FALSE,FALSE,FALSE,FALSE,TRUE,FALSE,High income,NA,Bahrain,Asia-Pacific States,NA
Cyprus,142,Asia,145,Western Asia,NA,NA,196,CY,CYP,FALSE,FALSE,FALSE,FALSE,TRUE,FALSE,FALSE,FALSE,TRUE,FALSE,High income,NA,Cyprus,Asia-Pacific States,NA
Georgia,142,Asia,145,Western Asia,NA,NA,268,GE,GEO,FALSE,FALSE,FALSE,FALSE,FALSE,FALSE,FALSE,FALSE,TRUE,FALSE,Upper middle income,IBRD,Georgia,Eastern European States,NA
Iraq,142,Asia,145,Western Asia,NA,NA,368,IQ,IRQ,FALSE,FALSE,FALSE,TRUE,FALSE,FALSE,FALSE,FALSE,TRUE,FALSE,Upper middle income,IBRD,Iraq,Asia-Pacific States,TRUE
Israel,142,Asia,145,Western Asia,NA,NA,376,IL,ISR,FALSE,FALSE,FALSE,FALSE,FALSE,FALSE,FALSE,FALSE,TRUE,TRUE,High income,NA,Israel,Western European and other States,NA
Jordan,142,Asia,145,Western Asia,NA,NA,400,JO,JOR,FALSE,FALSE,FALSE,TRUE,FALSE,FALSE,FALSE,FALSE,TRUE,FALSE,Lower middle income,IBRD,Jordan,Asia-Pacific States,NA
Kuwait,142,Asia,145,Western Asia,NA,NA,414,KW,KWT,FALSE,FALSE,FALSE,TRUE,FALSE,FALSE,FALSE,FALSE,TRUE,FALSE,High income,NA,Kuwait,Asia-Pacific States,NA
Lebanon,142,Asia,145,Western Asia,NA,NA,422,LB,LBN,FALSE,FALSE,FALSE,TRUE,FALSE,FALSE,FALSE,FALSE,TRUE,FALSE,Lower middle income,IBRD,Lebanon,Asia-Pacific States,TRUE
Oman,142,Asia,145,Western Asia,NA,NA,512,OM,OMN,FALSE,FALSE,FALSE,TRUE,FALSE,FALSE,FALSE,FALSE,TRUE,FALSE,High income,NA,Oman,Asia-Pacific States,NA
Qatar,142,Asia,145,Western Asia,NA,NA,634,QA,QAT,FALSE,FALSE,FALSE,TRUE,FALSE,FALSE,FALSE,FALSE,TRUE,FALSE,High income,NA,Qatar,Asia-Pacific States,NA
Saudi Arabia,142,Asia,145,Western Asia,NA,NA,682,SA,SAU,FALSE,FALSE,FALSE,TRUE,FALSE,TRUE,FALSE,FALSE,TRUE,FALSE,High income,NA,Saudi Arabia,Asia-Pacific States,NA
State of Palestine,142,Asia,145,Western Asia,NA,NA,275,PS,PSE,FALSE,FALSE,FALSE,TRUE,FALSE,FALSE,FALSE,FALSE,FALSE,FALSE,Lower middle income,NA,NA,NA,TRUE
Syrian Arab Republic,142,Asia,145,Western Asia,NA,NA,760,SY,SYR,FALSE,FALSE,FALSE,TRUE,FALSE,FALSE,FALSE,FALSE,TRUE,FALSE,Low income,IDA,Syrian Arab Republic,Asia-Pacific States,TRUE
Türkiye,142,Asia,145,Western Asia,NA,NA,792,TR,TUR,FALSE,FALSE,FALSE,FALSE,FALSE,TRUE,FALSE,FALSE,TRUE,TRUE,Upper middle income,IBRD,Türkiye,Western European and other States,NA
United Arab Emirates,142,Asia,145,Western Asia,NA,NA,784,AE,ARE,FALSE,FALSE,FALSE,TRUE,FALSE,FALSE,FALSE,FALSE,TRUE,FALSE,High income,NA,United Arab Emirates,Asia-Pacific States,NA
Yemen,142,Asia,145,Western Asia,NA,NA,887,YE,YEM,TRUE,FALSE,FALSE,TRUE,FALSE,FALSE,FALSE,FALSE,TRUE,FALSE,Low income,IDA,Yemen,Asia-Pacific States,TRUE
Belarus,150,Europe,151,Eastern Europe,NA,NA,112,BY,BLR,FALSE,FALSE,FALSE,FALSE,FALSE,FALSE,FALSE,FALSE,TRUE,FALSE,Upper middle income,IBRD,Belarus,Eastern European States,NA
Bulgaria,150,Europe,151,Eastern Europe,NA,NA,100,BG,BGR,FALSE,FALSE,FALSE,FALSE,TRUE,FALSE,FALSE,FALSE,TRUE,FALSE,High income,IBRD,Bulgaria,Eastern European States,NA
Czechia,150,Europe,151,Eastern Europe,NA,NA,203,CZ,CZE,FALSE,FALSE,FALSE,FALSE,TRUE,FALSE,FALSE,FALSE,TRUE,TRUE,High income,NA,Czechia,Eastern European States,NA
Hungary,150,Europe,151,Eastern Europe,NA,NA,348,HU,HUN,FALSE,FALSE,FALSE,FALSE,TRUE,FALSE,FALSE,FALSE,TRUE,TRUE,High income,NA,Hungary,Eastern European States,NA
Poland,150,Europe,151,Eastern Europe,NA,NA,616,PL,POL,FALSE,FALSE,FALSE,FALSE,TRUE,FALSE,FALSE,FALSE,TRUE,TRUE,High income,IBRD,Poland,Eastern European States,NA
Republic of Moldova,150,Europe,151,Eastern Europe,NA,NA,498,MD,MDA,FALSE,TRUE,FALSE,FALSE,FALSE,FALSE,FALSE,FALSE,TRUE,FALSE,Upper middle income,IBRD,Republic of Moldova,Eastern European States,NA
Romania,150,Europe,151,Eastern Europe,NA,NA,642,RO,ROU,FALSE,FALSE,FALSE,FALSE,TRUE,FALSE,FALSE,FALSE,TRUE,FALSE,High income,IBRD,Romania,Eastern European States,NA
Russian Federation,150,Europe,151,Eastern Europe,NA,NA,643,RU,RUS,FALSE,FALSE,FALSE,FALSE,FALSE,TRUE,FALSE,TRUE,TRUE,FALSE,High income,IBRD,Russian Federation,Eastern European States,NA
Slovakia,150,Europe,151,Eastern Europe,NA,NA,703,SK,SVK,FALSE,FALSE,FALSE,FALSE,TRUE,FALSE,FALSE,FALSE,TRUE,TRUE,High income,NA,Slovakia,Eastern European States,NA
Ukraine,150,Europe,151,Eastern Europe,NA,NA,804,UA,UKR,FALSE,FALSE,FALSE,FALSE,FALSE,FALSE,FALSE,FALSE,TRUE,FALSE,Upper middle income,IBRD,Ukraine,Eastern European States,NA
Åland Islands,150,Europe,154,Northern Europe,NA,NA,248,AX,ALA,FALSE,FALSE,FALSE,FALSE,FALSE,FALSE,FALSE,FALSE,FALSE,FALSE,NA,NA,NA,NA,NA
Denmark,150,Europe,154,Northern Europe,NA,NA,208,DK,DNK,FALSE,FALSE,FALSE,FALSE,TRUE,FALSE,FALSE,FALSE,TRUE,TRUE,High income,NA,Denmark,Western European and other States,NA
Estonia,150,Europe,154,Northern Europe,NA,NA,233,EE,EST,FALSE,FALSE,FALSE,FALSE,TRUE,FALSE,FALSE,FALSE,TRUE,TRUE,High income,NA,Estonia,Eastern European States,NA
Faroe Islands,150,Europe,154,Northern Europe,NA,NA,234,FO,FRO,FALSE,FALSE,FALSE,FALSE,FALSE,FALSE,FALSE,FALSE,FALSE,FALSE,High income,NA,NA,NA,NA
Finland,150,Europe,154,Northern Europe,NA,NA,246,FI,FIN,FALSE,FALSE,FALSE,FALSE,TRUE,FALSE,FALSE,FALSE,TRUE,TRUE,High income,NA,Finland,Western European and other States,NA
Guernsey,150,Europe,154,Northern Europe,NA,NA,831,GG,GGY,FALSE,FALSE,FALSE,FALSE,FALSE,FALSE,FALSE,FALSE,FALSE,FALSE,NA,NA,NA,NA,NA
Iceland,150,Europe,154,Northern Europe,NA,NA,352,IS,ISL,FALSE,FALSE,FALSE,FALSE,FALSE,FALSE,FALSE,FALSE,TRUE,TRUE,High income,NA,Iceland,Western European and other States,NA
Ireland,150,Europe,154,Northern Europe,NA,NA,372,IE,IRL,FALSE,FALSE,FALSE,FALSE,TRUE,FALSE,FALSE,FALSE,TRUE,TRUE,High income,NA,Ireland,Western European and other States,NA
Isle of Man,150,Europe,154,Northern Europe,NA,NA,833,IM,IMN,FALSE,FALSE,FALSE,FALSE,FALSE,FALSE,FALSE,FALSE,FALSE,FALSE,High income,NA,NA,NA,NA
Jersey,150,Europe,154,Northern Europe,NA,NA,832,JE,JEY,FALSE,FALSE,FALSE,FALSE,FALSE,FALSE,FALSE,FALSE,FALSE,FALSE,NA,NA,NA,NA,NA
Latvia,150,Europe,154,Northern Europe,NA,NA,428,LV,LVA,FALSE,FALSE,FALSE,FALSE,TRUE,FALSE,FALSE,FALSE,TRUE,TRUE,High income,NA,Latvia,Eastern European States,NA
Lithuania,150,Europe,154,Northern Europe,NA,NA,440,LT,LTU,FALSE,FALSE,FALSE,FALSE,TRUE,FALSE,FALSE,FALSE,TRUE,TRUE,High income,NA,Lithuania,Eastern European States,NA
Norway,150,Europe,154,Northern Europe,NA,NA,578,NO,NOR,FALSE,FALSE,FALSE,FALSE,FALSE,FALSE,FALSE,FALSE,TRUE,TRUE,High income,NA,Norway,Western European and other States,NA
Svalbard and Jan Mayen Islands,150,Europe,154,Northern Europe,NA,NA,744,SJ,SJM,FALSE,FALSE,FALSE,FALSE,FALSE,FALSE,FALSE,FALSE,FALSE,FALSE,NA,NA,NA,NA,NA
Sweden,150,Europe,154,Northern Europe,NA,NA,752,SE,SWE,FALSE,FALSE,FALSE,FALSE,TRUE,FALSE,FALSE,FALSE,TRUE,TRUE,High income,NA,Sweden,Western European and other States,NA
United Kingdom of Great Britain and Northern Ireland,150,Europe,154,Northern Europe,NA,NA,826,GB,GBR,FALSE,FALSE,FALSE,FALSE,FALSE,TRUE,FALSE,TRUE,TRUE,TRUE,High income,NA,United Kingdom of Great Britain and Northern Ireland,Western European and other States,NA
Albania,150,Europe,039,Southern Europe,NA,NA,008,AL,ALB,FALSE,FALSE,FALSE,FALSE,FALSE,FALSE,FALSE,FALSE,TRUE,FALSE,Upper middle income,IBRD,Albania,Eastern European States,NA
Andorra,150,Europe,039,Southern Europe,NA,NA,020,AD,AND,FALSE,FALSE,FALSE,FALSE,FALSE,FALSE,FALSE,FALSE,TRUE,FALSE,High income,NA,Andorra,Western European and other States,NA
Bosnia and Herzegovina,150,Europe,039,Southern Europe,NA,NA,070,BA,BIH,FALSE,FALSE,FALSE,FALSE,FALSE,FALSE,FALSE,FALSE,TRUE,FALSE,Upper middle income,IBRD,Bosnia and Herzegovina,Eastern European States,NA
Croatia,150,Europe,039,Southern Europe,NA,NA,191,HR,HRV,FALSE,FALSE,FALSE,FALSE,TRUE,FALSE,FALSE,FALSE,TRUE,FALSE,High income,IBRD,Croatia,Eastern European States,NA
Gibraltar,150,Europe,039,Southern Europe,NA,NA,292,GI,GIB,FALSE,FALSE,FALSE,FALSE,FALSE,FALSE,FALSE,FALSE,FALSE,FALSE,High income,NA,NA,NA,NA
Greece,150,Europe,039,Southern Europe,NA,NA,300,GR,GRC,FALSE,FALSE,FALSE,FALSE,TRUE,FALSE,FALSE,FALSE,TRUE,TRUE,High income,NA,Greece,Western European and other States,NA
Holy See,150,Europe,039,Southern Europe,NA,NA,336,VA,VAT,FALSE,FALSE,FALSE,FALSE,FALSE,FALSE,FALSE,FALSE,FALSE,FALSE,NA,NA,NA,NA,NA
Italy,150,Europe,039,Southern Europe,NA,NA,380,IT,ITA,FALSE,FALSE,FALSE,FALSE,TRUE,TRUE,FALSE,FALSE,TRUE,TRUE,High income,NA,Italy,Western European and other States,NA
Malta,150,Europe,039,Southern Europe,NA,NA,470,MT,MLT,FALSE,FALSE,FALSE,FALSE,TRUE,FALSE,FALSE,FALSE,TRUE,FALSE,High income,NA,Malta,Western European and other States,NA
Montenegro,150,Europe,039,Southern Europe,NA,NA,499,ME,MNE,FALSE,FALSE,FALSE,FALSE,FALSE,FALSE,FALSE,FALSE,TRUE,FALSE,Upper middle income,IBRD,Montenegro,Eastern European States,NA
North Macedonia,150,Europe,039,Southern Europe,NA,NA,807,MK,MKD,FALSE,TRUE,FALSE,FALSE,FALSE,FALSE,FALSE,FALSE,TRUE,FALSE,Upper middle income,IBRD,North Macedonia,Eastern European States,NA
Portugal,150,Europe,039,Southern Europe,NA,NA,620,PT,PRT,FALSE,FALSE,FALSE,FALSE,TRUE,FALSE,FALSE,FALSE,TRUE,TRUE,High income,NA,Portugal,Western European and other States,NA
San Marino,150,Europe,039,Southern Europe,NA,NA,674,SM,SMR,FALSE,FALSE,FALSE,FALSE,FALSE,FALSE,FALSE,FALSE,TRUE,FALSE,High income,NA,San Marino,Western European and other States,NA
Serbia,150,Europe,039,Southern Europe,NA,NA,688,RS,SRB,FALSE,FALSE,FALSE,FALSE,FALSE,FALSE,FALSE,FALSE,TRUE,FALSE,Upper middle income,IBRD,Serbia,Eastern European States,NA
Slovenia,150,Europe,039,Southern Europe,NA,NA,705,SI,SVN,FALSE,FALSE,FALSE,FALSE,TRUE,FALSE,FALSE,FALSE,TRUE,TRUE,High income,NA,Slovenia,Eastern European States,NA
Spain,150,Europe,039,Southern Europe,NA,NA,724,ES,ESP,FALSE,FALSE,FALSE,FALSE,TRUE,FALSE,FALSE,FALSE,TRUE,TRUE,High income,NA,Spain,Western European and other States,NA
Austria,150,Europe,155,Western Europe,NA,NA,040,AT,AUT,FALSE,FALSE,FALSE,FALSE,TRUE,FALSE,FALSE,FALSE,TRUE,TRUE,High income,NA,Austria,Western European and other States,NA
Belgium,150,Europe,155,Western Europe,NA,NA,056,BE,BEL,FALSE,FALSE,FALSE,FALSE,TRUE,FALSE,FALSE,FALSE,TRUE,TRUE,High income,NA,Belgium,Western European and other States,NA
France,150,Europe,155,Western Europe,NA,NA,250,FR,FRA,FALSE,FALSE,FALSE,FALSE,TRUE,TRUE,FALSE,TRUE,TRUE,TRUE,High income,NA,France,Western European and other States,NA
Germany,150,Europe,155,Western Europe,NA,NA,276,DE,DEU,FALSE,FALSE,FALSE,FALSE,TRUE,TRUE,FALSE,FALSE,TRUE,TRUE,High income,NA,Germany,Western European and other States,NA
Liechtenstein,150,Europe,155,Western Europe,NA,NA,438,LI,LIE,FALSE,FALSE,FALSE,FALSE,FALSE,FALSE,FALSE,FALSE,TRUE,FALSE,High income,NA,Liechtenstein,Western European and other States,NA
Luxembourg,150,Europe,155,Western Europe,NA,NA,442,LU,LUX,FALSE,FALSE,FALSE,FALSE,TRUE,FALSE,FALSE,FALSE,TRUE,TRUE,High income,NA,Luxembourg,Western European and other States,NA
Monaco,150,Europe,155,Western Europe,NA,NA,492,MC,MCO,FALSE,FALSE,FALSE,FALSE,FALSE,FALSE,FALSE,FALSE,TRUE,FALSE,High income,NA,Monaco,Western European and other States,NA
Netherlands (Kingdom of the),150,Europe,155,Western Europe,NA,NA,528,NL,NLD,FALSE,FALSE,FALSE,FALSE,TRUE,FALSE,FALSE,FALSE,TRUE,TRUE,High income,NA,Netherlands,Western European and other States,NA
Switzerland,150,Europe,155,Western Europe,NA,NA,756,CH,CHE,FALSE,FALSE,FALSE,FALSE,FALSE,FALSE,FALSE,FALSE,TRUE,TRUE,High income,NA,Switzerland,Western European and other States,NA
Australia,009,Oceania,053,Australia and New Zealand,NA,NA,036,AU,AUS,FALSE,FALSE,FALSE,FALSE,FALSE,TRUE,FALSE,FALSE,TRUE,TRUE,High income,NA,Australia,Western European and other States,NA
Christmas Island,009,Oceania,053,Australia and New Zealand,NA,NA,162,CX,CXR,FALSE,FALSE,FALSE,FALSE,FALSE,FALSE,FALSE,FALSE,FALSE,FALSE,NA,NA,NA,NA,NA
Cocos (Keeling) Islands,009,Oceania,053,Australia and New Zealand,NA,NA,166,CC,CCK,FALSE,FALSE,FALSE,FALSE,FALSE,FALSE,FALSE,FALSE,FALSE,FALSE,NA,NA,NA,NA,NA
Heard Island and McDonald Islands,009,Oceania,053,Australia and New Zealand,NA,NA,334,HM,HMD,FALSE,FALSE,FALSE,FALSE,FALSE,FALSE,FALSE,FALSE,FALSE,FALSE,NA,NA,NA,NA,NA
New Zealand,009,Oceania,053,Australia and New Zealand,NA,NA,554,NZ,NZL,FALSE,FALSE,FALSE,FALSE,FALSE,FALSE,FALSE,FALSE,TRUE,TRUE,High income,NA,New Zealand,Western European and other States,NA
Norfolk Island,009,Oceania,053,Australia and New Zealand,NA,NA,574,NF,NFK,FALSE,FALSE,FALSE,FALSE,FALSE,FALSE,FALSE,FALSE,FALSE,FALSE,NA,NA,NA,NA,NA
Fiji,009,Oceania,054,Melanesia,NA,NA,242,FJ,FJI,FALSE,FALSE,TRUE,TRUE,FALSE,FALSE,FALSE,FALSE,TRUE,FALSE,Upper middle income,Blend,Fiji,Asia-Pacific States,NA
New Caledonia,009,Oceania,054,Melanesia,NA,NA,540,NC,NCL,FALSE,FALSE,TRUE,FALSE,FALSE,FALSE,FALSE,FALSE,FALSE,FALSE,High income,NA,NA,NA,NA
Papua New Guinea,009,Oceania,054,Melanesia,NA,NA,598,PG,PNG,FALSE,FALSE,TRUE,TRUE,FALSE,FALSE,FALSE,FALSE,TRUE,FALSE,Lower middle income,Blend,Papua New Guinea,Asia-Pacific States,TRUE
Solomon Islands,009,Oceania,054,Melanesia,NA,NA,090,SB,SLB,TRUE,FALSE,TRUE,TRUE,FALSE,FALSE,FALSE,FALSE,TRUE,FALSE,Lower middle income,IDA,Solomon Islands,Asia-Pacific States,TRUE
Vanuatu,009,Oceania,054,Melanesia,NA,NA,548,VU,VUT,FALSE,FALSE,TRUE,TRUE,FALSE,FALSE,FALSE,FALSE,TRUE,FALSE,Lower middle income,IDA,Vanuatu,Asia-Pacific States,NA
Guam,009,Oceania,057,Micronesia,NA,NA,316,GU,GUM,FALSE,FALSE,TRUE,FALSE,FALSE,FALSE,FALSE,FALSE,FALSE,FALSE,High income,NA,NA,NA,NA
Kiribati,009,Oceania,057,Micronesia,NA,NA,296,KI,KIR,TRUE,FALSE,TRUE,TRUE,FALSE,FALSE,FALSE,FALSE,TRUE,FALSE,Lower middle income,IDA,Kiribati,Asia-Pacific States,NA
Marshall Islands,009,Oceania,057,Micronesia,NA,NA,584,MH,MHL,FALSE,FALSE,TRUE,TRUE,FALSE,FALSE,FALSE,FALSE,TRUE,FALSE,Upper middle income,IDA,Marshall Islands,Asia-Pacific States,NA
Micronesia (Federated States of),009,Oceania,057,Micronesia,NA,NA,583,FM,FSM,FALSE,FALSE,TRUE,TRUE,FALSE,FALSE,FALSE,FALSE,TRUE,FALSE,Lower middle income,IDA,Micronesia (Federated States of),Asia-Pacific States,NA
Nauru,009,Oceania,057,Micronesia,NA,NA,520,NR,NRU,FALSE,FALSE,TRUE,TRUE,FALSE,FALSE,FALSE,FALSE,TRUE,FALSE,High income,IBRD,Nauru,Asia-Pacific States,NA
Northern Mariana Islands,009,Oceania,057,Micronesia,NA,NA,580,MP,MNP,FALSE,FALSE,TRUE,FALSE,FALSE,FALSE,FALSE,FALSE,FALSE,FALSE,High income,NA,NA,NA,NA
Palau,009,Oceania,057,Micronesia,NA,NA,585,PW,PLW,FALSE,FALSE,TRUE,FALSE,FALSE,FALSE,FALSE,FALSE,TRUE,FALSE,High income,IBRD,Palau,Asia-Pacific States,NA
United States Minor Outlying Islands,009,Oceania,057,Micronesia,NA,NA,581,UM,UMI,FALSE,FALSE,FALSE,FALSE,FALSE,FALSE,FALSE,FALSE,FALSE,FALSE,NA,NA,NA,NA,NA
American Samoa,009,Oceania,061,Polynesia,NA,NA,016,AS,ASM,FALSE,FALSE,TRUE,FALSE,FALSE,FALSE,FALSE,FALSE,FALSE,FALSE,High income,NA,NA,NA,NA
Cook Islands,009,Oceania,061,Polynesia,NA,NA,184,CK,COK,FALSE,FALSE,TRUE,FALSE,FALSE,FALSE,FALSE,FALSE,FALSE,FALSE,NA,NA,NA,NA,NA
French Polynesia,009,Oceania,061,Polynesia,NA,NA,258,PF,PYF,FALSE,FALSE,TRUE,FALSE,FALSE,FALSE,FALSE,FALSE,FALSE,FALSE,High income,NA,NA,NA,NA
Niue,009,Oceania,061,Polynesia,NA,NA,570,NU,NIU,FALSE,FALSE,TRUE,FALSE,FALSE,FALSE,FALSE,FALSE,FALSE,FALSE,NA,NA,NA,NA,NA
Pitcairn,009,Oceania,061,Polynesia,NA,NA,612,PN,PCN,FALSE,FALSE,FALSE,FALSE,FALSE,FALSE,FALSE,FALSE,FALSE,FALSE,NA,NA,NA,NA,NA
Samoa,009,Oceania,061,Polynesia,NA,NA,882,WS,WSM,FALSE,FALSE,TRUE,TRUE,FALSE,FALSE,FALSE,FALSE,TRUE,FALSE,Upper middle income,IDA,Samoa,Asia-Pacific States,NA
Tokelau,009,Oceania,061,Polynesia,NA,NA,772,TK,TKL,FALSE,FALSE,FALSE,FALSE,FALSE,FALSE,FALSE,FALSE,FALSE,FALSE,NA,NA,NA,NA,NA
Tonga,009,Oceania,061,Polynesia,NA,NA,776,TO,TON,FALSE,FALSE,TRUE,TRUE,FALSE,FALSE,FALSE,FALSE,TRUE,FALSE,Upper middle income,IDA,Tonga,Asia-Pacific States,NA
Tuvalu,009,Oceania,061,Polynesia,NA,NA,798,TV,TUV,TRUE,FALSE,TRUE,FALSE,FALSE,FALSE,FALSE,FALSE,TRUE,FALSE,Upper middle income,IDA,Tuvalu,Asia-Pacific States,NA
Wallis and Futuna Islands,009,Oceania,061,Polynesia,NA,NA,876,WF,WLF,FALSE,FALSE,FALSE,FALSE,FALSE,FALSE,FALSE,FALSE,FALSE,FALSE,NA,NA,NA,NA,NA
